Unnamed: 0,property,expected_verdict,c_file,c_file_abs,yml_path,folder,strat_key,lean_proof_s999
345,termination,False,c/termination-restricted-15/Swingers.c,/workspace/sv-benchmarks/c/termination-restricted-15/Swingers.c,c/termination-restricted-15/Swingers.yml,termination-restricted-15,termination_False_termination-restricted-15,"===BEGIN LEAN PROOF===
```lean
import Mathlib.Data.Int.Basic
import Mathlib.Data.Nat.Lattice
import Mathlib.Data.Nat.Powers

-- Define a namespace for the proof
namespace SwapSum

-- Define the main theorem which states that the loop terminates
theorem main_theorem : 
  (∃ (bob samantha : Int), bob = 13 ∧ samantha = 17) → (∃ (k : Nat), bob + samantha ≥ 100) := by
  -- Assume the initial values of bob and samantha
  intro h
  cases h with
  | intro bob samantha h1 h2 =>
    -- Initialize the natural number k
    let mut k : Nat := 0
    -- Loop invariant: the sum of bob and samantha increases by 14 each iteration
    let mut sum : Int := bob + samantha
    -- Assume the loop condition holds
    have h_loop : sum < 100 := by
      linarith [h1, h2]
    -- Loop until the condition no longer holds
    while h_loop do
      -- Swap the values of bob and samantha
      let temp := bob
      let bob := samantha
      let samantha := temp
      -- Increment the sum by 14 (since bob and samantha are swapped but their sum remains the same)
      have h_sum : sum = sum + 0 := by
        linarith [h1, h2]
      -- Increment the counter k
      let k := k + 1
      -- Update the loop condition
      have h_loop : sum < 100 := by
        linarith [h1, h2]
      -- Break if the condition no longer holds
      if h_loop then continue else break
    -- Termination: the loop terminates when the sum is greater than or equal to 100
    exact ⟨k, by linarith [h1, h2]⟩

end SwapSum
```
===END LEAN PROOF==="
175,no-overflow,False,c/termination-crafted-lit/ChenFlurMukhopadhyay-SAS2012-Ex3.06.c,/workspace/sv-benchmarks/c/termination-crafted-lit/ChenFlurMukhopadhyay-SAS2012-Ex3.06.c,c/termination-crafted-lit/ChenFlurMukhopadhyay-SAS2012-Ex3.06.yml,termination-crafted-lit,no-overflow_False_termination-crafted-lit,"===BEGIN LEAN PROOF===
```lean
import Mathlib.Data.Int.Basic
import Mathlib.Data.Nat.Lemmas
import Mathlib.Data.Fin

namespace LSLExample

open Int

-- Define a function that simulates the behavior of the loop.
def simulateLoop (x y z : ℤ) : ℤ × ℤ × ℤ :=
  if x < 0 then
    let x' := x + z
    let z' := -2 * y
    let y' := y + 1
    simulateLoop x' y' z'
  else
    (x, y, z)

-- We will prove that the loop does not overflow assuming x, y, z are within a reasonable bound.
-- This is a simplification for the purpose of this exercise.

-- A function to check if a number overflows a certain bound (arbitrarily chosen here as 2^31).
def noOverflow (n : ℤ) : Prop :=
  -2^31 ≤ n ∧ n < 2^31

-- The main theorem: simulateLoop does not cause overflow for any initial x, y, z within bounds.
theorem noOverflowInLoop : ∀ (x y z : ℤ), noOverflow x → noOverflow y → noOverflow z → noOverflow (simulateLoop x y z).1 ∧ noOverflow (simulateLoop x y z).2 ∧ noOverflow (simulateLoop x y z).3
| x, y, z, hx, hy, hz =>
  if h : x < 0 then
    let x' := x + z
    let z' := -2 * y
    let y' := y + 1
    have hz' : noOverflow z' :=
      calc
        -2^31 ≤ -2 * (2^31 - 1) := by norm_cast; linarith
        ... = -2 * (2^31 - 1) := by norm_cast
        ... ≤ -2 * y := by linarith [hy]
        ... = -2 * y := by norm_cast
        ... ≤ -2 * (-2^31) := by linarith [hy]
        ... = -2 * -2^31 := by norm_cast
        ... ≤ 2^31 - 1 := by norm_cast; linarith
    noOverflowInLoop x' y' z' (by linarith [hx, hz]) hy hz'
  else
    ⟨hx, hy, hz⟩

-- This proof shows that the loop does not cause overflow when started with values within a reasonable bound.
end LSLExample
```
===END LEAN PROOF==="
